congress,chamber,icpsr,state_abbrev,party_code,occupancy,last_means,bioname,bioguide_id,nominate_dim1,nominate_dim2,nominate_log_likelihood,nominate_geo_mean_probability,nominate_number_of_votes,nominate_number_of_errors,nokken_poole_dim1,nokken_poole_dim2
110,Senate,49700,AL,200,0,1 ,"SESSIONS, Jefferson Beauregard III (Jeff)",S001141,0.549,0.13,-131.66522,0.78363,540,65,0.501,0.077
110,Senate,94659,AL,200,0,1 ,"SHELBY, Richard C.",S000320,0.431,0.535,-140.08156,0.77407,547,60,0.427,0.342
110,Senate,12109,AK,200,0,1 ,"STEVENS, Theodore Fulton (Ted)",S000888,0.219,-0.5,-160.3039,0.738,528,65,0.221,-0.218
110,Senate,40300,AK,200,0,1 ,"MURKOWSKI, Lisa",M001153,0.207,-0.288,-152.85311,0.75387,541,62,0.23,-0.363
110,Senate,15039,AZ,200,0,1 ,"McCAIN, John Sidney, III",M000303,0.381,-0.626,-42.53879,0.80754,199,17,0.442,-0.73
110,Senate,15429,AZ,200,0,1 ,"KYL, Jon Llewellyn",K000352,0.548,-0.415,-131.04299,0.78488,541,56,0.583,-0.507
110,Senate,29305,AR,100,0,1 ,"LINCOLN, Blanche Lambert",L000035,-0.166,0.178,-94.73876,0.837,534,44,-0.187,0.221
110,Senate,40301,AR,100,0,1 ,"PRYOR, Mark",P000590,-0.199,0.463,-94.81818,0.841,549,40,-0.174,0.465
110,Senate,15011,CA,100,0,1 ,"BOXER, Barbara",B000711,-0.45,-0.423,-39.20646,0.927,517,14,-0.486,-0.325
110,Senate,49300,CA,100,0,1 ,"FEINSTEIN, Dianne",F000062,-0.269,-0.21,-73.34106,0.87212,536,31,-0.254,-0.366
110,Senate,29108,CO,200,0,1 ,"ALLARD, A. Wayne",A000109,0.572,-0.121,-96.18367,0.834,531,43,0.563,-0.088
110,Senate,40500,CO,100,0,1 ,"SALAZAR, Kenneth Lee",S001163,-0.223,0.042,-77.20478,0.869,550,35,-0.202,-0.001
110,Senate,14213,CT,100,0,1 ,"DODD, Christopher John",D000388,-0.328,-0.317,-54.49703,0.877,417,23,-0.373,-0.601
110,Senate,15704,CT,100,0,1 ,"LIEBERMAN, Joseph I.",L000304,-0.205,-0.312,-156.74762,0.745,533,68,-0.133,-0.487
110,Senate,14101,DE,100,0,1 ,"BIDEN, Joseph Robinette, Jr.",B000444,-0.314,-0.042,-37.64402,0.906,383,14,-0.386,-0.163
110,Senate,15015,DE,100,0,1 ,"CARPER, Thomas Richard",C000174,-0.174,-0.219,-117.29279,0.80605,544,48,-0.166,-0.277
110,Senate,14651,FL,100,0,1 ,"NELSON, Clarence William (Bill)",N000032,-0.193,0.339,-108.26657,0.81863,541,56,-0.247,0.028
110,Senate,40501,FL,200,0,1 ,"MARTINEZ, Melquiades R. (Mel)",M001162,0.333,-0.417,-174.06121,0.726,543,88,0.344,-0.409
110,Senate,29512,GA,200,0,1 ,"CHAMBLISS, Saxby",C000286,0.423,0.205,-118.17378,0.804,541,51,0.457,0.137
110,Senate,29909,GA,200,0,1 ,"ISAKSON, Johnny",I000055,0.403,-0.014,-102.56175,0.82673,539,43,0.436,0.092
110,Senate,4812,HI,100,0,1 ,"INOUYE, Daniel Ken",I000025,-0.319,0.062,-75.92887,0.861,507,33,-0.259,0.041
110,Senate,14400,HI,100,0,1 ,"AKAKA, Daniel Kahikina",A000069,-0.419,0.273,-63.04187,0.892,549,20,-0.355,-0.028
110,Senate,14809,ID,200,0,1 ,"CRAIG, Larry Edwin",C000858,0.494,-0.014,-144.69214,0.757,519,71,0.429,-0.079
110,Senate,29345,ID,200,0,1 ,"CRAPO, Michael Dean",C000880,0.509,0.282,-120.02752,0.79836,533,63,0.459,0.248
110,Senate,15021,IL,100,0,1 ,"DURBIN, Richard Joseph",D000563,-0.363,-0.363,-38.20304,0.93266,548,12,-0.392,-0.377
110,Senate,40502,IL,100,0,1 ,"OBAMA, Barack",O000167,-0.343,-0.434,-30.80198,0.903,303,9,-0.357,-0.512
110,Senate,14506,IN,200,0,1 ,"LUGAR, Richard Green",L000504,0.304,-0.466,-184.123,0.714,546,93,0.256,-0.655
110,Senate,49901,IN,100,0,1 ,"BAYH, Evan",B001233,-0.158,-0.142,-211.47833,0.675,538,90,-0.078,-0.133
110,Senate,14226,IA,200,0,1 ,"GRASSLEY, Charles Ernest",G000386,0.343,-0.071,-190.78975,0.70733,551,101,0.332,0.026
110,Senate,14230,IA,100,0,1 ,"HARKIN, Thomas Richard (Tom)",H000206,-0.351,-0.546,-65.16713,0.886,536,28,-0.423,-0.259
110,Senate,14852,KS,200,0,1 ,"ROBERTS, Charles Patrick (Pat)",R000307,0.414,-0.094,-163.53719,0.7383,539,81,0.326,0.087
110,Senate,29523,KS,200,0,1 ,"BROWNBACK, Sam Dale",B000953,0.439,-0.306,-116.12613,0.764,431,47,0.425,-0.206
110,Senate,14921,KY,200,0,1 ,"McCONNELL, Addison Mitchell (Mitch)",M000355,0.403,0,-110.6829,0.81771,550,43,0.43,-0.033
110,Senate,15406,KY,200,0,1 ,"BUNNING, James Paul David",B001066,0.521,-0.049,-123.81319,0.793,534,62,0.546,0.087
110,Senate,29918,LA,200,0,1 ,"VITTER, David",V000127,0.495,0.323,-118.05491,0.801,532,57,0.565,0.485
110,Senate,49702,LA,100,0,1 ,"LANDRIEU, Mary L.",L000550,-0.203,0.444,-142.15312,0.767,537,61,-0.152,0.549
110,Senate,14661,ME,200,0,1 ,"SNOWE, Olympia Jean",S000663,0.091,-0.548,-176.02011,0.726,550,72,0.053,-0.438
110,Senate,49703,ME,200,0,1 ,"COLLINS, Susan Margaret",C001035,0.11,-0.556,-182.12253,0.71854,551,78,0.097,-0.646
110,Senate,14440,MD,100,0,1 ,"MIKULSKI, Barbara Ann",M000702,-0.37,-0.128,-82.3516,0.859,542,37,-0.258,-0.102
110,Senate,15408,MD,100,0,1 ,"CARDIN, Benjamin Louis",C000141,-0.326,-0.252,-46.71179,0.91829,548,15,-0.343,-0.323
110,Senate,10808,MA,100,0,1 ,"KENNEDY, Edward Moore (Ted)",K000105,-0.443,-0.49,-63.94736,0.866,443,21,-0.35,-0.608
110,Senate,14920,MA,100,0,1 ,"KERRY, John Forbes",K000148,-0.352,-0.382,-51.75039,0.907,530,18,-0.365,-0.538
110,Senate,14709,MI,100,0,1 ,"LEVIN, Carl",L000261,-0.395,-0.116,-65.56103,0.887,546,26,-0.336,-0.038
110,Senate,29732,MI,100,0,1 ,"STABENOW, Deborah Ann",S000770,-0.331,0.026,-69.83937,0.87993,546,30,-0.388,0.24
110,Senate,40302,MN,200,0,1 ,"COLEMAN, Norm",C001057,0.185,-0.125,-152.00508,0.751,531,74,0.174,-0.014
110,Senate,40700,MN,100,0,1 ,"KLOBUCHAR, Amy",K000367,-0.247,-0.162,-80.21768,0.8629,544,45,-0.3,-0.135
110,Senate,14009,MS,200,0,1 ,"COCHRAN, William Thad",C000567,0.287,0.051,-162.31258,0.74162,543,80,0.335,0.095
110,Senate,14031,MS,200,1,1 ,"LOTT, Chester Trent",L000447,0.39,0.194,-91.92665,0.762,338,45,0.437,0.091
110,Senate,29534,MS,200,2,2 ,"WICKER, Roger F.",W000437,0.377,0.361,-32.85895,0.83144,178,12,0.397,0.561
110,Senate,15501,MO,200,0,1 ,"BOND, Christopher Samuel (Kit)",B000611,0.31,-0.169,-172.26186,0.721,526,79,0.344,-0.087
110,Senate,40701,MO,100,0,1 ,"McCASKILL, Claire",M001170,-0.142,0.023,-215.75538,0.66963,538,92,-0.21,0.364
110,Senate,14203,MT,100,0,1 ,"BAUCUS, Max Sieben",B000243,-0.212,0.017,-113.29573,0.814,549,57,-0.237,0.52
110,Senate,40702,MT,100,0,1 ,"TESTER, Jon",T000464,-0.21,0.138,-122.15355,0.79888,544,61,-0.278,0.563
110,Senate,40103,NE,100,0,1 ,"NELSON, Earl Benjamin (Ben)",N000180,-0.03,0.588,-114.48679,0.81,543,42,-0.084,0.673
110,Senate,49704,NE,200,0,1 ,"HAGEL, Charles Timothy (Chuck)",H001028,0.344,-0.498,-253.94082,0.607,509,113,0.308,-0.707
110,Senate,15054,NV,100,0,1 ,"REID, Harry",R000146,-0.276,0.258,-150.55397,0.76,548,59,-0.317,0.206
110,Senate,29537,NV,200,0,1 ,"ENSIGN, John Eric",E000194,0.508,-0.464,-98.25512,0.83,528,43,0.554,-0.352
110,Senate,14826,NH,200,0,1 ,"GREGG, Judd Alan",G000445,0.429,-0.737,-144.56655,0.763,535,74,0.452,-0.837
110,Senate,29740,NH,200,0,1 ,"SUNUNU, John E.",S001078,0.473,-0.52,-197.3818,0.695,542,87,0.376,-0.592
110,Senate,14914,NJ,100,0,1 ,"LAUTENBERG, Frank Raleigh",L000123,-0.382,-0.579,-40.59802,0.928,541,13,-0.421,-0.508
110,Senate,29373,NJ,100,0,1 ,"MENENDEZ, Robert",M000639,-0.364,-0.118,-56.22176,0.90181,544,24,-0.423,-0.576
110,Senate,14103,NM,200,0,1 ,"DOMENICI, Pete Vichi",D000407,0.257,-0.247,-156.72318,0.74,520,71,0.264,-0.306
110,Senate,14912,NM,100,0,1 ,"BINGAMAN, Jesse Francis, Jr. (Jeff)",B000468,-0.266,0.045,-70.65731,0.878,544,33,-0.366,0.066
110,Senate,14858,NY,100,0,1 ,"SCHUMER, Charles Ellis (Chuck)",S000148,-0.351,-0.391,-44.95511,0.9204,542,16,-0.369,-0.474
110,Senate,40105,NY,100,0,1 ,"CLINTON, Hillary Rodham",C001041,-0.367,-0.243,-32.82782,0.917,378,12,-0.393,-0.387
110,Senate,29548,NC,200,0,1 ,"BURR, Richard M.",B001135,0.453,-0.058,-117.22791,0.80356,536,54,0.517,-0.19
110,Senate,40303,NC,200,0,1 ,"DOLE, Elizabeth Hanford",D000601,0.363,0.124,-158.24045,0.739,524,72,0.352,0.112
110,Senate,14812,ND,100,0,1 ,"DORGAN, Byron Leslie",D000432,-0.267,0.09,-114.09598,0.81,541,54,-0.308,0.633
110,Senate,15502,ND,100,0,1 ,"CONRAD, Kent",C000705,-0.296,0.582,-89.37574,0.848,542,33,-0.28,0.51
110,Senate,29389,OH,100,0,1 ,"BROWN, Sherrod",B000944,-0.438,-0.136,-46.24398,0.91822,542,18,-0.46,-0.101
110,Senate,49903,OH,200,0,1 ,"VOINOVICH, George Victor",V000126,0.239,-0.803,-294.43741,0.581,543,147,0.24,-0.846
110,Senate,15424,OK,200,0,1 ,"INHOFE, James Mountain",I000024,0.552,0.04,-100.85874,0.82521,525,44,0.7,0.425
110,Senate,29555,OK,200,0,1 ,"COBURN, Thomas Allen",C000560,0.782,0.055,-81.13222,0.852,508,38,0.808,-0.055
110,Senate,14871,OR,100,0,1 ,"WYDEN, Ronald Lee",W000779,-0.321,-0.433,-70.26238,0.87799,540,27,-0.323,-0.327
110,Senate,49705,OR,200,0,1 ,"SMITH, Gordon Harold",S001142,0.192,-0.21,-207.12565,0.685,547,102,0.134,-0.139
110,Senate,14910,PA,200,0,1 ,"SPECTER, Arlen",S000709,0.068,-0.627,-199.23388,0.693,543,100,0.122,-0.551
110,Senate,40703,PA,100,0,1 ,"CASEY, Robert (Bob), Jr.",C001070,-0.304,0.193,-83.44539,0.85947,551,29,-0.292,0.12
110,Senate,29142,RI,100,0,1 ,"REED, John F. (Jack)",R000122,-0.38,-0.226,-66.29994,0.88605,548,29,-0.367,-0.32
110,Senate,40704,RI,100,0,1 ,"WHITEHOUSE, Sheldon",W000802,-0.397,-0.196,-63.12782,0.89138,549,27,-0.382,-0.438
110,Senate,29566,SC,200,0,1 ,"GRAHAM, Lindsey O.",G000359,0.408,-0.173,-145.74607,0.7531,514,65,0.47,-0.262
110,Senate,29936,SC,200,0,1 ,"DeMINT, James W.",D000595,0.7,-0.102,-62.35449,0.89,534,25,0.82,-0.07
110,Senate,15425,SD,100,0,1 ,"JOHNSON, Timothy Peter (Tim)",J000177,-0.25,0.143,-45.92208,0.859,301,22,-0.204,0.384
110,Senate,29754,SD,200,0,1 ,"THUNE, John",T000250,0.41,0.128,-126.57515,0.79376,548,57,0.431,0.172
110,Senate,40304,TN,200,0,1 ,"ALEXANDER, Lamar",A000360,0.323,-0.182,-143.68018,0.76176,528,64,0.339,-0.192
110,Senate,40705,TN,200,0,1 ,"CORKER, Robert (Bob)",C001071,0.395,-0.345,-186.47456,0.70844,541,90,0.372,-0.201
110,Senate,40305,TX,200,0,1 ,"CORNYN, John",C001056,0.495,-0.014,-103.15948,0.82283,529,41,0.487,0.058
110,Senate,49306,TX,200,0,1 ,"HUTCHISON, Kathryn Ann Bailey (Kay)",H001016,0.356,0.012,-128.85742,0.789,543,56,0.36,0.097
110,Senate,14503,UT,200,0,1 ,"HATCH, Orrin Grant",H000338,0.382,-0.005,-164.11772,0.73792,540,73,0.333,-0.008
110,Senate,49307,UT,200,0,1 ,"BENNETT, Robert",B000382,0.331,-0.11,-159.60927,0.746,544,77,0.351,-0.31
110,Senate,14307,VT,100,0,1 ,"LEAHY, Patrick Joseph",L000174,-0.37,-0.135,-72.03666,0.87682,548,31,-0.416,-0.079
110,Senate,29147,VT,328,0,1 ,"SANDERS, Bernard",S000033,-0.52,-0.361,-70.10982,0.8797,547,34,-0.599,0.07
110,Senate,14712,VA,200,0,1 ,"WARNER, John William",W000154,0.262,-0.131,-148.75207,0.744,503,69,0.252,-0.318
110,Senate,40706,VA,100,0,1 ,"WEBB, James H. (Jim)",W000803,-0.169,0.023,-114.1986,0.811,544,48,-0.231,0.109
110,Senate,39310,WA,100,0,1 ,"CANTWELL, Maria E.",C000127,-0.292,-0.398,-63.09937,0.89067,545,25,-0.31,-0.501
110,Senate,49308,WA,100,0,1 ,"MURRAY, Patty",M001111,-0.342,-0.287,-46.55593,0.9171,538,17,-0.35,-0.223
110,Senate,1366,WV,100,0,1 ,"BYRD, Robert Carlyle",B001210,-0.309,0.729,-134.32444,0.762,493,65,-0.433,0.902
110,Senate,14922,WV,100,0,1 ,"ROCKEFELLER, John Davison IV (Jay)",R000361,-0.326,0.177,-92.70446,0.838,523,50,-0.28,0.346
110,Senate,15703,WI,100,0,1 ,"KOHL, Herbert H.",K000305,-0.256,-0.406,-63.25436,0.892,551,25,-0.286,-0.204
110,Senate,49309,WI,100,0,1 ,"FEINGOLD, Russell Dana",F000061,-0.308,-0.951,-165.97253,0.74,551,73,-0.988,0.152
110,Senate,15633,WY,200,1,1 ,"THOMAS, Craig Lyle",T000162,0.446,-0.128,-32.51516,0.766,122,11,0.541,0.14
110,Senate,40707,WY,200,2,2 ,"BARRASSO, John A.",B001261,0.533,0.23,-72.13493,0.82416,373,32,0.58,0.329
110,Senate,49706,WY,200,0,1 ,"ENZI, Michael B.",E000285,0.54,0.182,-104.34634,0.82399,539,47,0.567,0.243
111,Senate,49700,AL,200,0,1 ,"SESSIONS, Jefferson Beauregard III (Jeff)",S001141,0.549,0.13,-78.71552,0.87589,594,32,0.53,-0.241
111,Senate,94659,AL,200,0,1 ,"SHELBY, Richard C.",S000320,0.431,0.535,-140.04627,0.79546,612,75,0.386,0.414
111,Senate,40300,AK,200,0,1 ,"MURKOWSKI, Lisa",M001153,0.207,-0.288,-156.52236,0.76559,586,75,0.218,-0.211
111,Senate,40900,AK,100,0,1 ,"BEGICH, Mark",B001265,-0.235,0.15,-87.37909,0.864,600,35,-0.238,0.195
111,Senate,15039,AZ,200,0,1 ,"McCAIN, John Sidney, III",M000303,0.381,-0.626,-106.88463,0.83855,607,43,0.499,-0.508
111,Senate,15429,AZ,200,0,1 ,"KYL, Jon Llewellyn",K000352,0.548,-0.415,-85.02424,0.8695,608,38,0.532,-0.506
111,Senate,29305,AR,100,0,1 ,"LINCOLN, Blanche Lambert",L000035,-0.166,0.178,-164.80066,0.757,592,78,-0.112,0.247
111,Senate,40301,AR,100,0,1 ,"PRYOR, Mark",P000590,-0.199,0.463,-109.64356,0.836,612,50,-0.194,0.342
111,Senate,15011,CA,100,0,1 ,"BOXER, Barbara",B000711,-0.45,-0.423,-71.07957,0.889,607,23,-0.338,-0.282
111,Senate,49300,CA,100,0,1 ,"FEINSTEIN, Dianne",F000062,-0.269,-0.21,-75.07648,0.88491,614,27,-0.336,-0.204
111,Senate,29906,CO,100,0,1 ,"UDALL, Mark",U000038,-0.353,0.049,-140.65982,0.794,611,56,-0.237,-0.241
111,Senate,40500,CO,100,1,1 ,"SALAZAR, Kenneth Lee",S001163,-0.223,0.042,,,,,-0.592,0.549
111,Senate,40910,CO,100,2,5 ,"BENNET, Michael F.",B001267,-0.207,-0.122,-114.97096,0.82745,607,49,-0.211,-0.129
111,Senate,14213,CT,100,0,1 ,"DODD, Christopher John",D000388,-0.328,-0.317,-50.73445,0.919,601,18,-0.367,-0.095
111,Senate,15704,CT,100,0,1 ,"LIEBERMAN, Joseph I.",L000304,-0.205,-0.312,-143.51583,0.787,599,62,-0.209,-0.384
111,Senate,14101,DE,100,1,1 ,"BIDEN, Joseph Robinette, Jr.",B000444,-0.314,-0.042,,,,,-0.741,0.672
111,Senate,15015,DE,100,0,1 ,"CARPER, Thomas Richard",C000174,-0.174,-0.219,-129.37292,0.80946,612,53,-0.259,-0.106
111,Senate,40901,DE,100,2,5 ,"KAUFMAN, Edward E. (Ted)",K000373,-0.391,-0.126,-52.71229,0.91,562,19,-0.389,-0.134
111,Senate,40916,DE,100,3,2 ,"COONS, Christopher A.",C001088,-0.243,-0.209,-3.24365,0.92893,44,1,-0.396,0.09
111,Senate,14651,FL,100,0,1 ,"NELSON, Clarence William (Bill)",N000032,-0.193,0.339,-111.40885,0.83181,605,46,-0.219,-0.03
111,Senate,40501,FL,200,1,1 ,"MARTINEZ, Melquiades R. (Mel)",M001162,0.333,-0.417,-78.9308,0.713,233,38,0.288,-0.306
111,Senate,40911,FL,200,2,5 ,"LEMIEUX, George S.",L000572,0.34,0.081,-71.21728,0.821,360,31,0.339,0.091
111,Senate,29512,GA,200,0,1 ,"CHAMBLISS, Saxby",C000286,0.423,0.205,-83.19101,0.868,588,34,0.476,0.096
111,Senate,29909,GA,200,0,1 ,"ISAKSON, Johnny",I000055,0.403,-0.014,-100.68943,0.83299,551,39,0.433,-0.08
111,Senate,4812,HI,100,0,1 ,"INOUYE, Daniel Ken",I000025,-0.319,0.062,-43.66876,0.931,612,19,-0.397,0.102
111,Senate,14400,HI,100,0,1 ,"AKAKA, Daniel Kahikina",A000069,-0.419,0.273,-42.8555,0.933,615,20,-0.428,0.39
111,Senate,29345,ID,200,0,1 ,"CRAPO, Michael Dean",C000880,0.509,0.282,-78.72477,0.87874,609,33,0.508,0.508
111,Senate,40902,ID,200,0,1 ,"RISCH, James",R000584,0.636,0.57,-70.98801,0.89048,612,37,0.533,0.592
111,Senate,15021,IL,100,0,1 ,"DURBIN, Richard Joseph",D000563,-0.363,-0.363,-45.2965,0.92866,612,13,-0.5,-0.362
111,Senate,20115,IL,200,3,2 ,"KIRK, Mark Steven",K000360,0.274,-0.647,,,,,0.33,-0.705
111,Senate,40903,IL,100,2,5 ,"BURRIS, Roland",B001266,-0.468,0.044,-26.54473,0.954,564,9,-0.468,0.078
111,Senate,14506,IN,200,0,1 ,"LUGAR, Richard Green",L000504,0.304,-0.466,-172.99602,0.753,611,85,0.26,-0.496
111,Senate,49901,IN,100,0,1 ,"BAYH, Evan",B001233,-0.158,-0.142,-340.29728,0.559,585,152,-0.073,-0.073
111,Senate,14226,IA,200,0,1 ,"GRASSLEY, Charles Ernest",G000386,0.343,-0.071,-150.92581,0.7827,616,70,0.387,0.003
111,Senate,14230,IA,100,0,1 ,"HARKIN, Thomas Richard (Tom)",H000206,-0.351,-0.546,-60.00287,0.906,608,26,-0.518,-0.439
111,Senate,14852,KS,200,0,1 ,"ROBERTS, Charles Patrick (Pat)",R000307,0.414,-0.094,-97.49315,0.84601,583,49,0.432,0.157
111,Senate,29523,KS,200,0,1 ,"BROWNBACK, Sam Dale",B000953,0.439,-0.306,-107.38746,0.831,579,54,0.419,-0.389
111,Senate,14921,KY,200,0,1 ,"McCONNELL, Addison Mitchell (Mitch)",M000355,0.403,0,-88.08603,0.86656,615,45,0.458,-0.09
111,Senate,15406,KY,200,0,1 ,"BUNNING, James Paul David",B001066,0.521,-0.049,-90.44553,0.854,574,30,0.632,-0.196
111,Senate,29918,LA,200,0,1 ,"VITTER, David",V000127,0.495,0.323,-98.89553,0.845,588,41,0.478,0.369
111,Senate,49702,LA,100,0,1 ,"LANDRIEU, Mary L.",L000550,-0.203,0.444,-99.21112,0.845,590,32,-0.248,0.478
111,Senate,14661,ME,200,0,1 ,"SNOWE, Olympia Jean",S000663,0.091,-0.548,-181.62384,0.745,616,93,0.095,-0.516
111,Senate,49703,ME,200,0,1 ,"COLLINS, Susan Margaret",C001035,0.11,-0.556,-167.24075,0.76224,616,72,0.087,-0.476
111,Senate,14440,MD,100,0,1 ,"MIKULSKI, Barbara Ann",M000702,-0.37,-0.128,-29.16494,0.95,567,9,-0.4,-0.096
111,Senate,15408,MD,100,0,1 ,"CARDIN, Benjamin Louis",C000141,-0.326,-0.252,-44.98206,0.92958,616,14,-0.437,-0.194
111,Senate,10808,MA,100,1,1 ,"KENNEDY, Edward Moore (Ted)",K000105,-0.443,-0.49,,,,,-0.735,0.181
111,Senate,14920,MA,100,0,1 ,"KERRY, John Forbes",K000148,-0.352,-0.382,-45.70761,0.927,604,17,-0.402,-0.019
111,Senate,40912,MA,100,2,5 ,"KIRK, Paul G., Jr.",K000374,-0.517,0.012,-3.5084,0.964,95,1,-0.52,0.176
111,Senate,40913,MA,200,3,2 ,"BROWN, Scott P.",B001268,0.128,-0.294,-76.32161,0.732,245,38,0.177,-0.106
111,Senate,14709,MI,100,0,1 ,"LEVIN, Carl",L000261,-0.395,-0.116,-47.95866,0.925,615,19,-0.417,-0.109
111,Senate,29732,MI,100,0,1 ,"STABENOW, Deborah Ann",S000770,-0.331,0.026,-39.32138,0.93777,612,15,-0.352,0.125
111,Senate,40700,MN,100,0,1 ,"KLOBUCHAR, Amy",K000367,-0.247,-0.162,-117.08249,0.82562,611,49,-0.207,-0.224
111,Senate,40904,MN,100,0,1 ,"FRANKEN, Al",F000457,-0.4,-0.169,-32.03808,0.92622,418,13,-0.432,-0.15
111,Senate,14009,MS,200,0,1 ,"COCHRAN, William Thad",C000567,0.287,0.051,-171.49634,0.75527,611,83,0.281,0.235
111,Senate,29534,MS,200,0,1 ,"WICKER, Roger F.",W000437,0.377,0.361,-105.1706,0.84116,608,47,0.399,0.376
111,Senate,15501,MO,200,0,1 ,"BOND, Christopher Samuel (Kit)",B000611,0.31,-0.169,-200.34262,0.701,564,100,0.248,-0.033
111,Senate,40701,MO,100,0,1 ,"McCASKILL, Claire",M001170,-0.142,0.023,-297.01174,0.61255,606,111,-0.146,-0.17
111,Senate,14203,MT,100,0,1 ,"BAUCUS, Max Sieben",B000243,-0.212,0.017,-99.0462,0.851,612,41,-0.242,0.355
111,Senate,40702,MT,100,0,1 ,"TESTER, Jon",T000464,-0.21,0.138,-97.71738,0.85198,610,43,-0.214,0.21
111,Senate,40103,NE,100,0,1 ,"NELSON, Earl Benjamin (Ben)",N000180,-0.03,0.588,-175.41729,0.752,616,71,-0.007,0.648
111,Senate,40905,NE,200,0,1 ,"JOHANNS, Mike",J000291,0.391,0.293,-122.98633,0.811,586,53,0.402,-0.028
111,Senate,15054,NV,100,0,1 ,"REID, Harry",R000146,-0.276,0.258,-110.20734,0.836,616,38,-0.323,0.45
111,Senate,29537,NV,200,0,1 ,"ENSIGN, John Eric",E000194,0.508,-0.464,-109.71997,0.834,604,45,0.516,-0.37
111,Senate,14826,NH,200,0,1 ,"GREGG, Judd Alan",G000445,0.429,-0.737,-149.54081,0.761,548,81,0.344,-0.78
111,Senate,40906,NH,100,0,1 ,"SHAHEEN, Jeanne",S001181,-0.253,-0.241,-72.09254,0.88801,607,32,-0.293,-0.326
111,Senate,14914,NJ,100,0,1 ,"LAUTENBERG, Frank Raleigh",L000123,-0.382,-0.579,-39.74582,0.936,600,15,-0.411,-0.134
111,Senate,29373,NJ,100,0,1 ,"MENENDEZ, Robert",M000639,-0.364,-0.118,-56.88605,0.91096,610,17,-0.362,-0.412
111,Senate,14912,NM,100,0,1 ,"BINGAMAN, Jesse Francis, Jr. (Jeff)",B000468,-0.266,0.045,-91.20556,0.862,616,35,-0.32,0.137
111,Senate,29924,NM,100,0,1 ,"UDALL, Thomas (Tom)",U000039,-0.453,0.18,-59.2724,0.90755,611,30,-0.372,0.007
111,Senate,14858,NY,100,0,1 ,"SCHUMER, Charles Ellis (Chuck)",S000148,-0.351,-0.391,-36.11955,0.94278,613,8,-0.393,-0.261
111,Senate,20735,NY,100,2,2 ,"GILLIBRAND, Kirsten",G000555,-0.41,-0.225,-39.02708,0.93662,596,17,-0.418,-0.226
111,Senate,40105,NY,100,1,1 ,"CLINTON, Hillary Rodham",C001041,-0.367,-0.243,,,,,-0.592,0.549
111,Senate,29548,NC,200,0,1 ,"BURR, Richard M.",B001135,0.453,-0.058,-90.9701,0.85953,601,31,0.491,-0.105
111,Senate,40907,NC,100,0,1 ,"HAGAN, Kay",H001049,-0.202,0.281,-121.38543,0.819,608,39,-0.212,0.249
111,Senate,14812,ND,100,0,1 ,"DORGAN, Byron Leslie",D000432,-0.267,0.09,-105.03081,0.841,607,44,-0.266,0.26
111,Senate,15502,ND,100,0,1 ,"CONRAD, Kent",C000705,-0.296,0.582,-98.16397,0.849,601,41,-0.26,0.399
111,Senate,29389,OH,100,0,1 ,"BROWN, Sherrod",B000944,-0.438,-0.136,-32.79508,0.94757,609,12,-0.454,-0.263
111,Senate,49903,OH,200,0,1 ,"VOINOVICH, George Victor",V000126,0.239,-0.803,-234.21564,0.671,587,115,0.163,-0.83
111,Senate,15424,OK,200,0,1 ,"INHOFE, James Mountain",I000024,0.552,0.04,-83.456,0.86893,594,29,0.595,0.033
111,Senate,29555,OK,200,0,1 ,"COBURN, Thomas Allen",C000560,0.782,0.055,-47.67462,0.924,605,19,0.843,-0.238
111,Senate,14871,OR,100,0,1 ,"WYDEN, Ronald Lee",W000779,-0.321,-0.433,-62.68927,0.90032,597,24,-0.33,-0.418
111,Senate,40908,OR,100,0,1 ,"MERKLEY, Jeff",M001176,-0.48,-0.801,-68.55996,0.89418,613,30,-0.382,-0.584
111,Senate,14910,PA,200,0,1 ,"SPECTER, Arlen",S000709,0.068,-0.627,-55.25642,0.709,161,30,0.111,-0.407
111,Senate,40703,PA,100,0,1 ,"CASEY, Robert (Bob), Jr.",C001070,-0.304,0.193,-71.1995,0.89085,616,23,-0.347,0.494
111,Senate,94910,PA,100,0,1 ,"SPECTER, Arlen",S000709,-0.321,0.036,-43.00533,0.904,428,18,-0.32,0.018
111,Senate,29142,RI,100,0,1 ,"REED, John F. (Jack)",R000122,-0.38,-0.226,-40.13332,0.93643,611,14,-0.462,-0.167
111,Senate,40704,RI,100,0,1 ,"WHITEHOUSE, Sheldon",W000802,-0.397,-0.196,-43.9989,0.92974,604,20,-0.539,-0.081
111,Senate,29566,SC,200,0,1 ,"GRAHAM, Lindsey O.",G000359,0.408,-0.173,-106.99684,0.83716,602,42,0.421,-0.2
111,Senate,29936,SC,200,0,1 ,"DeMINT, James W.",D000595,0.7,-0.102,-54.83432,0.913,602,23,0.801,-0.032
111,Senate,15425,SD,100,0,1 ,"JOHNSON, Timothy Peter (Tim)",J000177,-0.25,0.143,-65.3814,0.898,605,18,-0.344,0.419
111,Senate,29754,SD,200,0,1 ,"THUNE, John",T000250,0.41,0.128,-85.49768,0.87001,614,35,0.501,0.116
111,Senate,40304,TN,200,0,1 ,"ALEXANDER, Lamar",A000360,0.323,-0.182,-157.37146,0.77162,607,83,0.283,-0.237
111,Senate,40705,TN,200,0,1 ,"CORKER, Robert (Bob)",C001071,0.395,-0.345,-145.80351,0.78801,612,64,0.371,-0.469
111,Senate,40305,TX,200,0,1 ,"CORNYN, John",C001056,0.495,-0.014,-77.87219,0.87885,603,25,0.549,0.196
111,Senate,49306,TX,200,0,1 ,"HUTCHISON, Kathryn Ann Bailey (Kay)",H001016,0.356,0.012,-99.32698,0.838,561,46,0.372,0.122
111,Senate,14503,UT,200,0,1 ,"HATCH, Orrin Grant",H000338,0.382,-0.005,-127.50367,0.80913,602,57,0.353,-0.061
111,Senate,49307,UT,200,0,1 ,"BENNETT, Robert",B000382,0.331,-0.11,-132.59838,0.794,574,64,0.312,-0.061
111,Senate,14307,VT,100,0,1 ,"LEAHY, Patrick Joseph",L000174,-0.37,-0.135,-48.54382,0.92302,606,21,-0.438,-0.035
111,Senate,29147,VT,328,0,1 ,"SANDERS, Bernard",S000033,-0.52,-0.361,-69.84469,0.89198,611,30,-0.549,-0.284
111,Senate,40706,VA,100,0,1 ,"WEBB, James H. (Jim)",W000803,-0.169,0.023,-157.29414,0.773,610,68,-0.151,0.076
111,Senate,40909,VA,100,0,1 ,"WARNER, Mark",W000805,-0.194,-0.024,-119.14503,0.81935,598,52,-0.218,-0.105
111,Senate,39310,WA,100,0,1 ,"CANTWELL, Maria E.",C000127,-0.292,-0.398,-109.23495,0.83678,613,44,-0.264,-0.392
111,Senate,49308,WA,100,0,1 ,"MURRAY, Patty",M001111,-0.342,-0.287,-55.68553,0.91179,603,22,-0.318,-0.059
111,Senate,1366,WV,100,1,1 ,"BYRD, Robert Carlyle",B001210,-0.309,0.729,-59.00211,0.815,288,25,-0.3,0.945
111,Senate,14922,WV,100,0,1 ,"ROCKEFELLER, John Davison IV (Jay)",R000361,-0.326,0.177,-54.0638,0.907,557,21,-0.343,0.127
111,Senate,40914,WV,100,2,5 ,"GOODWIN, Carte P.",G000561,-0.747,-0.063,-0.19241,0.995,37,0,-0.741,-0.119
111,Senate,40915,WV,100,3,2 ,"MANCHIN, Joe, III",M001183,-0.057,0.47,-10.35561,0.7768,41,6,-0.114,0.629
111,Senate,15703,WI,100,0,1 ,"KOHL, Herbert H.",K000305,-0.256,-0.406,-77.87947,0.881,615,30,-0.259,-0.217
111,Senate,49309,WI,100,0,1 ,"FEINGOLD, Russell Dana",F000061,-0.308,-0.951,-265.2738,0.65,615,129,-0.23,-0.973
111,Senate,40707,WY,200,0,1 ,"BARRASSO, John A.",B001261,0.533,0.23,-70.11808,0.89241,616,36,0.538,0.226
111,Senate,49706,WY,200,0,1 ,"ENZI, Michael B.",E000285,0.54,0.182,-76.83936,0.88054,604,38,0.53,0.146
112,Senate,49700,AL,200,0,1 ,"SESSIONS, Jefferson Beauregard III (Jeff)",S001141,0.549,0.13,-99.08009,0.78298,405,49,0.525,0.043
112,Senate,94659,AL,200,0,1 ,"SHELBY, Richard C.",S000320,0.431,0.535,-107.8195,0.76727,407,50,0.468,0.423
112,Senate,40300,AK,200,0,1 ,"MURKOWSKI, Lisa",M001153,0.207,-0.288,-155.25558,0.67364,393,69,0.183,-0.386
112,Senate,40900,AK,100,0,1 ,"BEGICH, Mark",B001265,-0.235,0.15,-88.4901,0.803,403,38,-0.267,0.268
112,Senate,15039,AZ,200,0,1 ,"McCAIN, John Sidney, III",M000303,0.381,-0.626,-95.54607,0.78123,387,42,0.444,-0.659
112,Senate,15429,AZ,200,0,1 ,"KYL, Jon Llewellyn",K000352,0.548,-0.415,-103.64143,0.7747,406,45,0.445,-0.512
112,Senate,20101,AR,200,0,1 ,"BOOZMAN, John",B001236,0.401,0.248,-83.39176,0.81266,402,36,0.408,0.233
112,Senate,40301,AR,100,0,1 ,"PRYOR, Mark",P000590,-0.199,0.463,-87.54621,0.806,405,40,-0.16,0.481
112,Senate,15011,CA,100,0,1 ,"BOXER, Barbara",B000711,-0.45,-0.423,-55.04957,0.864,378,19,-0.471,-0.502
112,Senate,49300,CA,100,0,1 ,"FEINSTEIN, Dianne",F000062,-0.269,-0.21,-50.19642,0.88261,402,21,-0.322,-0.126
112,Senate,29906,CO,100,0,1 ,"UDALL, Mark",U000038,-0.353,0.049,-73.65591,0.833,403,35,-0.244,-0.172
112,Senate,40910,CO,100,0,1 ,"BENNET, Michael F.",B001267,-0.207,-0.122,-56.21735,0.8701,404,20,-0.225,-0.199
112,Senate,15704,CT,100,0,1 ,"LIEBERMAN, Joseph I.",L000304,-0.205,-0.312,-95.42711,0.786,396,44,-0.153,-0.366
112,Senate,41101,CT,100,0,1 ,"BLUMENTHAL, Richard",B001277,-0.424,-0.097,-43.75849,0.89563,397,17,-0.372,-0.127
112,Senate,15015,DE,100,0,1 ,"CARPER, Thomas Richard",C000174,-0.174,-0.219,-81.47745,0.81938,409,30,-0.232,-0.382
112,Senate,40916,DE,100,0,1 ,"COONS, Christopher A.",C001088,-0.243,-0.209,-45.98717,0.89365,409,16,-0.31,-0.443
112,Senate,14651,FL,100,0,1 ,"NELSON, Clarence William (Bill)",N000032,-0.193,0.339,-60.96334,0.86152,409,26,-0.201,0.063
112,Senate,41102,FL,200,0,1 ,"RUBIO, Marco",R000595,0.576,-0.302,-101.47315,0.76883,386,44,0.549,-0.215
112,Senate,29512,GA,200,0,1 ,"CHAMBLISS, Saxby",C000286,0.423,0.205,-91.02064,0.795,397,34,0.449,0.09
112,Senate,29909,GA,200,0,1 ,"ISAKSON, Johnny",I000055,0.403,-0.014,-92.72651,0.79446,403,37,0.415,0.145
112,Senate,4812,HI,100,1,1 ,"INOUYE, Daniel Ken",I000025,-0.319,0.062,-40.21371,0.895,363,16,-0.326,0.066
112,Senate,14400,HI,100,0,1 ,"AKAKA, Daniel Kahikina",A000069,-0.419,0.273,-38.4816,0.909,402,17,-0.45,-0.008
112,Senate,41112,HI,100,2,5 ,"SCHATZ, Brian Emanuel",S001194,-0.417,-0.112,-1.49312,0.92806,20,0,-0.637,0.385
112,Senate,29345,ID,200,0,1 ,"CRAPO, Michael Dean",C000880,0.509,0.282,-98.23498,0.78368,403,46,0.591,0.361
112,Senate,40902,ID,200,0,1 ,"RISCH, James",R000584,0.636,0.57,-81.10752,0.81688,401,40,0.65,0.424
112,Senate,15021,IL,100,0,1 ,"DURBIN, Richard Joseph",D000563,-0.363,-0.363,-42.53568,0.90053,406,16,-0.453,-0.372
112,Senate,20115,IL,200,0,1 ,"KIRK, Mark Steven",K000360,0.274,-0.647,-49.77374,0.76,181,18,0.267,-0.666
112,Senate,14506,IN,200,0,1 ,"LUGAR, Richard Green",L000504,0.304,-0.466,-130.13743,0.725,405,58,0.286,-0.225
112,Senate,14806,IN,200,0,1 ,"COATS, Daniel Ray",C000542,0.375,-0.227,-99.19009,0.785,409,40,0.403,-0.266
112,Senate,14226,IA,200,0,1 ,"GRASSLEY, Charles Ernest",G000386,0.343,-0.071,-137.42558,0.71521,410,69,0.418,-0.048
112,Senate,14230,IA,100,0,1 ,"HARKIN, Thomas Richard (Tom)",H000206,-0.351,-0.546,-59.50591,0.861,399,29,-0.507,-0.171
112,Senate,14852,KS,200,0,1 ,"ROBERTS, Charles Patrick (Pat)",R000307,0.414,-0.094,-110.75744,0.75441,393,54,0.414,0.291
112,Senate,29722,KS,200,0,1 ,"MORAN, Jerry",M000934,0.414,0.256,-125.20361,0.7254,390,66,0.406,0.311
112,Senate,14921,KY,200,0,1 ,"McCONNELL, Addison Mitchell (Mitch)",M000355,0.403,0,-91.86915,0.79926,410,41,0.467,0.038
112,Senate,41104,KY,200,0,1 ,"PAUL, Rand",P000603,0.879,-0.477,-125.95164,0.7258,393,43,0.933,-0.359
112,Senate,29918,LA,200,0,1 ,"VITTER, David",V000127,0.495,0.323,-122.49722,0.728,386,55,0.586,0.552
112,Senate,49702,LA,100,0,1 ,"LANDRIEU, Mary L.",L000550,-0.203,0.444,-64.13669,0.852,400,28,-0.231,0.659
112,Senate,14661,ME,200,0,1 ,"SNOWE, Olympia Jean",S000663,0.091,-0.548,-143.73514,0.701,404,77,0.107,-0.5
112,Senate,49703,ME,200,0,1 ,"COLLINS, Susan Margaret",C001035,0.11,-0.556,-120.92963,0.74457,410,54,0.073,-0.532
112,Senate,14440,MD,100,0,1 ,"MIKULSKI, Barbara Ann",M000702,-0.37,-0.128,-50.83496,0.882,404,21,-0.407,-0.08
112,Senate,15408,MD,100,0,1 ,"CARDIN, Benjamin Louis",C000141,-0.326,-0.252,-41.83667,0.90277,409,12,-0.406,-0.149
112,Senate,14920,MA,100,0,1 ,"KERRY, John Forbes",K000148,-0.352,-0.382,-41.34711,0.899,390,25,-0.273,-0.24
112,Senate,40913,MA,200,3,2 ,"BROWN, Scott P.",B001268,0.128,-0.294,-118.93215,0.747,407,52,0.083,-0.396
112,Senate,14709,MI,100,0,1 ,"LEVIN, Carl",L000261,-0.395,-0.116,-66.02555,0.851,410,25,-0.358,0.106
112,Senate,29732,MI,100,0,1 ,"STABENOW, Deborah Ann",S000770,-0.331,0.026,-69.9788,0.84132,405,30,-0.264,0.333
112,Senate,40700,MN,100,0,1 ,"KLOBUCHAR, Amy",K000367,-0.247,-0.162,-65.25353,0.85253,409,30,-0.214,0.01
112,Senate,40904,MN,100,0,1 ,"FRANKEN, Al",F000457,-0.4,-0.169,-38.31714,0.91078,410,12,-0.437,-0.089
112,Senate,14009,MS,200,0,1 ,"COCHRAN, William Thad",C000567,0.287,0.051,-122.02232,0.74205,409,62,0.291,0.361
112,Senate,29534,MS,200,0,1 ,"WICKER, Roger F.",W000437,0.377,0.361,-94.54937,0.79088,403,45,0.397,0.414
112,Senate,29735,MO,200,0,1 ,"BLUNT, Roy",B000575,0.43,0.287,-142.60559,0.7032,405,75,0.361,0.495
112,Senate,40701,MO,100,0,1 ,"McCASKILL, Claire",M001170,-0.142,0.023,-133.37488,0.71465,397,50,-0.099,-0.039
112,Senate,14203,MT,100,0,1 ,"BAUCUS, Max Sieben",B000243,-0.212,0.017,-89.52452,0.802,406,40,-0.253,0.131
112,Senate,40702,MT,100,0,1 ,"TESTER, Jon",T000464,-0.21,0.138,-95.99388,0.78989,407,42,-0.21,0.094
112,Senate,40103,NE,100,0,1 ,"NELSON, Earl Benjamin (Ben)",N000180,-0.03,0.588,-101.88529,0.779,408,47,-0.062,0.548
112,Senate,40905,NE,200,0,1 ,"JOHANNS, Mike",J000291,0.391,0.293,-113.89675,0.756,408,49,0.361,0.158
112,Senate,15054,NV,100,0,1 ,"REID, Harry",R000146,-0.276,0.258,-77.47897,0.827,409,25,-0.265,0.253
112,Senate,20730,NV,200,2,5 ,"HELLER, Dean",H001041,0.464,-0.463,-244.96366,0.49263,346,105,0.328,-0.425
112,Senate,29537,NV,200,1,1 ,"ENSIGN, John Eric",E000194,0.508,-0.464,-13.01926,0.71,38,8,0.8,-0.6
112,Senate,40906,NH,100,0,1 ,"SHAHEEN, Jeanne",S001181,-0.253,-0.241,-43.56734,0.89849,407,19,-0.281,-0.357
112,Senate,41106,NH,200,0,1 ,"AYOTTE, Kelly",A000368,0.351,-0.612,-95.77281,0.791,408,38,0.425,-0.444
112,Senate,14914,NJ,100,0,1 ,"LAUTENBERG, Frank Raleigh",L000123,-0.382,-0.579,-33.49883,0.916,380,11,-0.465,-0.627
112,Senate,29373,NJ,100,0,1 ,"MENENDEZ, Robert",M000639,-0.364,-0.118,-52.23976,0.87899,405,19,-0.326,-0.307
112,Senate,14912,NM,100,0,1 ,"BINGAMAN, Jesse Francis, Jr. (Jeff)",B000468,-0.266,0.045,-57.43829,0.868,406,19,-0.301,-0.144
112,Senate,29924,NM,100,0,1 ,"UDALL, Thomas (Tom)",U000039,-0.453,0.18,-34.76576,0.91695,401,13,-0.426,-0.319
112,Senate,14858,NY,100,0,1 ,"SCHUMER, Charles Ellis (Chuck)",S000148,-0.351,-0.391,-37.89252,0.90983,401,17,-0.344,-0.095
112,Senate,20735,NY,100,0,1 ,"GILLIBRAND, Kirsten",G000555,-0.41,-0.225,-37.417,0.91237,408,16,-0.432,0.213
112,Senate,29548,NC,200,0,1 ,"BURR, Richard M.",B001135,0.453,-0.058,-100.55643,0.77169,388,41,0.486,-0.147
112,Senate,40907,NC,100,0,1 ,"HAGAN, Kay",H001049,-0.202,0.281,-62.66907,0.857,405,27,-0.212,0.271
112,Senate,15502,ND,100,0,1 ,"CONRAD, Kent",C000705,-0.296,0.582,-58.95028,0.864,403,29,-0.285,0.334
112,Senate,41107,ND,200,0,1 ,"HOEVEN, John",H001061,0.34,0.328,-98.00861,0.78459,404,48,0.294,0.367
112,Senate,29386,OH,200,0,1 ,"PORTMAN, Robert Jones (Rob)",P000449,0.374,-0.251,-95.96811,0.7904,408,41,0.375,-0.168
112,Senate,29389,OH,100,0,1 ,"BROWN, Sherrod",B000944,-0.438,-0.136,-46.51514,0.8915,405,22,-0.403,-0.277
112,Senate,15424,OK,200,0,1 ,"INHOFE, James Mountain",I000024,0.552,0.04,-101.34909,0.77012,388,48,0.565,0.252
112,Senate,29555,OK,200,0,1 ,"COBURN, Thomas Allen",C000560,0.782,0.055,-97.29195,0.776,383,51,0.673,-0.142
112,Senate,14871,OR,100,0,1 ,"WYDEN, Ronald Lee",W000779,-0.321,-0.433,-59.82719,0.86043,398,22,-0.346,-0.57
112,Senate,40908,OR,100,0,1 ,"MERKLEY, Jeff",M001176,-0.48,-0.801,-63.41998,0.85571,407,26,-0.399,-0.497
112,Senate,29935,PA,200,0,1 ,"TOOMEY, Patrick Joseph",T000461,0.638,-0.298,-91.60272,0.79757,405,46,0.573,-0.308
112,Senate,40703,PA,100,0,1 ,"CASEY, Robert (Bob), Jr.",C001070,-0.304,0.193,-57.96035,0.86727,407,27,-0.261,0.247
112,Senate,29142,RI,100,0,1 ,"REED, John F. (Jack)",R000122,-0.38,-0.226,-46.70582,0.89208,409,17,-0.41,-0.068
112,Senate,40704,RI,100,0,1 ,"WHITEHOUSE, Sheldon",W000802,-0.397,-0.196,-41.98231,0.90222,408,17,-0.406,-0.047
112,Senate,29566,SC,200,0,1 ,"GRAHAM, Lindsey O.",G000359,0.408,-0.173,-134.33051,0.71535,401,61,0.37,-0.38
112,Senate,29936,SC,200,1,1 ,"DeMINT, James W.",D000595,0.7,-0.102,-83.44081,0.798,369,40,0.908,-0.418
112,Senate,15425,SD,100,0,1 ,"JOHNSON, Timothy Peter (Tim)",J000177,-0.25,0.143,-48.57826,0.887,406,17,-0.304,0.139
112,Senate,29754,SD,200,0,1 ,"THUNE, John",T000250,0.41,0.128,-84.64996,0.80927,400,37,0.431,0.154
112,Senate,40304,TN,200,0,1 ,"ALEXANDER, Lamar",A000360,0.323,-0.182,-107.36797,0.76356,398,44,0.311,-0.217
112,Senate,40705,TN,200,0,1 ,"CORKER, Robert (Bob)",C001071,0.395,-0.345,-92.62844,0.79374,401,38,0.417,-0.449
112,Senate,40305,TX,200,0,1 ,"CORNYN, John",C001056,0.495,-0.014,-83.55344,0.81359,405,38,0.508,-0.156
112,Senate,49306,TX,200,0,1 ,"HUTCHISON, Kathryn Ann Bailey (Kay)",H001016,0.356,0.012,-104.24529,0.762,384,48,0.353,0.096
112,Senate,14503,UT,200,0,1 ,"HATCH, Orrin Grant",H000338,0.382,-0.005,-129.99453,0.7024,368,54,0.513,-0.283
112,Senate,41110,UT,200,0,1 ,"LEE, Mike",L000577,0.922,-0.387,-86.29014,0.80508,398,42,0.935,-0.354
112,Senate,14307,VT,100,0,1 ,"LEAHY, Patrick Joseph",L000174,-0.37,-0.135,-52.58803,0.87738,402,20,-0.434,0.156
112,Senate,29147,VT,328,0,1 ,"SANDERS, Bernard",S000033,-0.52,-0.361,-100.5591,0.77771,400,30,-0.823,0.567
112,Senate,40706,VA,100,0,1 ,"WEBB, James H. (Jim)",W000803,-0.169,0.023,-100.69257,0.773,391,45,-0.163,0.082
112,Senate,40909,VA,100,0,1 ,"WARNER, Mark",W000805,-0.194,-0.024,-68.0875,0.83981,390,27,-0.192,-0.072
112,Senate,39310,WA,100,0,1 ,"CANTWELL, Maria E.",C000127,-0.292,-0.398,-73.03332,0.8361,408,31,-0.353,-0.59
112,Senate,49308,WA,100,0,1 ,"MURRAY, Patty",M001111,-0.342,-0.287,-48.95627,0.88561,403,18,-0.405,-0.479
112,Senate,14922,WV,100,0,1 ,"ROCKEFELLER, John Davison IV (Jay)",R000361,-0.326,0.177,-48.84087,0.879,380,21,-0.377,-0.036
112,Senate,40915,WV,100,3,2 ,"MANCHIN, Joe, III",M001183,-0.057,0.47,-141.53091,0.70628,407,64,-0.075,0.454
112,Senate,15703,WI,100,0,1 ,"KOHL, Herbert H.",K000305,-0.256,-0.406,-63.35858,0.852,396,27,-0.242,-0.246
112,Senate,41111,WI,200,0,1 ,"JOHNSON, Ron",J000293,0.602,-0.313,-71.25046,0.84012,409,33,0.645,-0.229
112,Senate,40707,WY,200,0,1 ,"BARRASSO, John A.",B001261,0.533,0.23,-83.42444,0.81175,400,30,0.49,0.242
112,Senate,49706,WY,200,0,1 ,"ENZI, Michael B.",E000285,0.54,0.182,-76.1584,0.82624,399,31,0.502,0.271
113,Senate,49700,AL,200,0,1 ,"SESSIONS, Jefferson Beauregard III (Jeff)",S001141,0.549,0.13,-101.80298,0.82789,539,45,0.619,0.082
113,Senate,94659,AL,200,0,1 ,"SHELBY, Richard C.",S000320,0.431,0.535,-110.28776,0.8168,545,55,0.515,0.602
113,Senate,40300,AK,200,0,1 ,"MURKOWSKI, Lisa",M001153,0.207,-0.288,-155.29936,0.7401,516,80,0.124,-0.411
113,Senate,40900,AK,100,0,1 ,"BEGICH, Mark",B001265,-0.235,0.15,-48.13809,0.91,512,21,-0.241,0.348
113,Senate,15039,AZ,200,0,1 ,"McCAIN, John Sidney, III",M000303,0.381,-0.626,-132.74405,0.77659,525,67,0.412,-0.579
113,Senate,20100,AZ,200,0,1 ,"FLAKE, Jeff",F000444,0.855,-0.518,-259.88598,0.61522,535,131,0.476,-0.731
113,Senate,20101,AR,200,0,1 ,"BOOZMAN, John",B001236,0.401,0.248,-85.88975,0.84245,501,30,0.429,0.457
113,Senate,40301,AR,100,0,1 ,"PRYOR, Mark",P000590,-0.199,0.463,-64.2729,0.885,528,26,-0.16,0.491
113,Senate,15011,CA,100,0,1 ,"BOXER, Barbara",B000711,-0.45,-0.423,-19.24984,0.963,512,8,-0.537,-0.097
113,Senate,49300,CA,100,0,1 ,"FEINSTEIN, Dianne",F000062,-0.269,-0.21,-22.72246,0.95748,523,8,-0.346,-0.278
113,Senate,29906,CO,100,0,1 ,"UDALL, Mark",U000038,-0.353,0.049,-35.83642,0.933,519,11,-0.248,-0.069
113,Senate,40910,CO,100,0,1 ,"BENNET, Michael F.",B001267,-0.207,-0.122,-29.05093,0.94837,548,9,-0.246,-0.081
113,Senate,20707,CT,100,0,1 ,"MURPHY, Christopher",M001169,-0.306,-0.178,-28.32169,0.94963,548,12,-0.499,-0.248
113,Senate,41101,CT,100,0,1 ,"BLUMENTHAL, Richard",B001277,-0.424,-0.097,-18.71258,0.96661,551,7,-0.512,-0.332
113,Senate,15015,DE,100,0,1 ,"CARPER, Thomas Richard",C000174,-0.174,-0.219,-55.08475,0.90486,551,12,-0.254,-0.172
113,Senate,40916,DE,100,0,1 ,"COONS, Christopher A.",C001088,-0.243,-0.209,-25.16312,0.95455,541,10,-0.308,0.043
113,Senate,14651,FL,100,0,1 ,"NELSON, Clarence William (Bill)",N000032,-0.193,0.339,-47.91577,0.91448,536,19,-0.276,-0.079
113,Senate,41102,FL,200,0,1 ,"RUBIO, Marco",R000595,0.576,-0.302,-140.99687,0.76408,524,67,0.663,-0.681
113,Senate,29512,GA,200,0,1 ,"CHAMBLISS, Saxby",C000286,0.423,0.205,-135.34325,0.753,478,64,0.343,0.17
113,Senate,29909,GA,200,0,1 ,"ISAKSON, Johnny",I000055,0.403,-0.014,-127.83957,0.78496,528,61,0.321,0.19
113,Senate,20713,HI,100,0,1 ,"HIRONO, Mazie",H001042,-0.485,-0.089,-16.03008,0.97133,551,8,-0.507,0.056
113,Senate,41112,HI,100,0,5 ,"SCHATZ, Brian Emanuel",S001194,-0.417,-0.112,-9.90418,0.98073,509,2,-0.478,-0.025
113,Senate,29345,ID,200,0,1 ,"CRAPO, Michael Dean",C000880,0.509,0.282,-103.79852,0.82716,547,45,0.661,0.431
113,Senate,40902,ID,200,0,1 ,"RISCH, James",R000584,0.636,0.57,-63.78226,0.88859,540,25,0.772,0.578
113,Senate,15021,IL,100,0,1 ,"DURBIN, Richard Joseph",D000563,-0.363,-0.363,-19.12742,0.96582,550,7,-0.336,-0.286
113,Senate,20115,IL,200,0,1 ,"KIRK, Mark Steven",K000360,0.274,-0.647,-176.7963,0.705,506,92,0.345,-0.76
113,Senate,14806,IN,200,0,1 ,"COATS, Daniel Ray",C000542,0.375,-0.227,-123.88821,0.795,539,55,0.407,-0.019
113,Senate,20717,IN,100,0,1 ,"DONNELLY, Joe",D000607,-0.119,0.435,-62.3456,0.89265,549,16,-0.171,0.318
113,Senate,14226,IA,200,0,1 ,"GRASSLEY, Charles Ernest",G000386,0.343,-0.071,-134.69163,0.78348,552,70,0.501,-0.012
113,Senate,14230,IA,100,0,1 ,"HARKIN, Thomas Richard (Tom)",H000206,-0.351,-0.546,-30.33406,0.944,528,12,-0.316,-0.085
113,Senate,14852,KS,200,0,1 ,"ROBERTS, Charles Patrick (Pat)",R000307,0.414,-0.094,-157.62557,0.73634,515,69,0.626,0.341
113,Senate,29722,KS,200,0,1 ,"MORAN, Jerry",M000934,0.414,0.256,-107.17983,0.80601,497,47,0.484,0.458
113,Senate,14921,KY,200,0,1 ,"McCONNELL, Addison Mitchell (Mitch)",M000355,0.403,0,-116.9721,0.80842,550,52,0.488,0.206
113,Senate,41104,KY,200,0,1 ,"PAUL, Rand",P000603,0.879,-0.477,-111.66297,0.81226,537,42,0.914,-0.407
113,Senate,29918,LA,200,0,1 ,"VITTER, David",V000127,0.495,0.323,-110.77719,0.803,506,58,0.467,0.38
113,Senate,49702,LA,100,0,1 ,"LANDRIEU, Mary L.",L000550,-0.203,0.444,-55.47109,0.893,492,22,-0.196,0.434
113,Senate,41300,ME,328,0,1 ,"KING, Angus Stanley, Jr.",K000383,-0.152,-0.231,-62.04689,0.89313,549,28,-0.178,-0.375
113,Senate,49703,ME,200,0,1 ,"COLLINS, Susan Margaret",C001035,0.11,-0.556,-101.53998,0.83198,552,39,0.101,-0.532
113,Senate,14440,MD,100,0,1 ,"MIKULSKI, Barbara Ann",M000702,-0.37,-0.128,-16.25351,0.97,527,5,-0.413,-0.149
113,Senate,15408,MD,100,0,1 ,"CARDIN, Benjamin Louis",C000141,-0.326,-0.252,-19.25978,0.96559,550,5,-0.46,-0.171
113,Senate,14435,MA,100,3,2 ,"MARKEY, Edward John",M000133,-0.504,-0.435,-10.84224,0.97272,392,5,-0.536,-0.716
113,Senate,14920,MA,100,1,1 ,"KERRY, John Forbes",K000148,-0.352,-0.382,,,,,-0.178,-0.582
113,Senate,41301,MA,100,0,1 ,"WARREN, Elizabeth",W000817,-0.764,-0.254,-28.38557,0.94934,546,17,-0.718,-0.066
113,Senate,41306,MA,100,2,5 ,"COWAN, William (Mo)",C001099,-0.462,0.348,-8.89963,0.936,134,4,-0.433,0.183
113,Senate,14709,MI,100,0,1 ,"LEVIN, Carl",L000261,-0.395,-0.116,-36.77581,0.934,540,12,-0.317,-0.044
113,Senate,29732,MI,100,0,1 ,"STABENOW, Deborah Ann",S000770,-0.331,0.026,-15.80257,0.97126,542,6,-0.419,0.093
113,Senate,40700,MN,100,0,1 ,"KLOBUCHAR, Amy",K000367,-0.247,-0.162,-24.32888,0.9565,547,6,-0.269,-0.213
113,Senate,40904,MN,100,0,1 ,"FRANKEN, Al",F000457,-0.4,-0.169,-18.263,0.96728,549,7,-0.378,-0.189
113,Senate,14009,MS,200,0,1 ,"COCHRAN, William Thad",C000567,0.287,0.051,-107.1494,0.7914,458,45,0.33,0.42
113,Senate,29534,MS,200,0,1 ,"WICKER, Roger F.",W000437,0.377,0.361,-100.11278,0.83191,544,47,0.349,0.237
113,Senate,29735,MO,200,0,1 ,"BLUNT, Roy",B000575,0.43,0.287,-110.07669,0.80955,521,53,0.383,0.355
113,Senate,40701,MO,100,0,1 ,"McCASKILL, Claire",M001170,-0.142,0.023,-57.86199,0.89489,521,24,-0.159,-0.055
113,Senate,14203,MT,100,1,1 ,"BAUCUS, Max Sieben",B000243,-0.212,0.017,-60.13694,0.804,276,26,-0.155,0.036
113,Senate,40702,MT,100,0,1 ,"TESTER, Jon",T000464,-0.21,0.138,-89.38861,0.84898,546,29,-0.171,-0.051
113,Senate,41309,MT,100,2,5 ,"WALSH, John E.",W000818,-0.255,0.462,-22.15141,0.922,273,8,-0.248,0.418
113,Senate,40905,NE,200,0,1 ,"JOHANNS, Mike",J000291,0.391,0.293,-96.6795,0.83,520,38,0.391,0.359
113,Senate,41302,NE,200,0,1 ,"FISCHER, Debra (Deb)",F000463,0.467,0.307,-83.07302,0.86028,552,29,0.461,0.34
113,Senate,15054,NV,100,0,1 ,"REID, Harry",R000146,-0.276,0.258,-96.68299,0.837,545,31,-0.289,0.489
113,Senate,20730,NV,200,0,1 ,"HELLER, Dean",H001041,0.464,-0.463,-200.73644,0.69001,541,88,0.458,-0.607
113,Senate,40906,NH,100,0,1 ,"SHAHEEN, Jeanne",S001181,-0.253,-0.241,-41.49636,0.92694,547,19,-0.26,-0.507
113,Senate,41106,NH,200,0,1 ,"AYOTTE, Kelly",A000368,0.351,-0.612,-128.71369,0.789,544,56,0.341,-0.614
113,Senate,14914,NJ,100,1,1 ,"LAUTENBERG, Frank Raleigh",L000123,-0.382,-0.579,-0.35377,0.989,31,0,-0.562,-0.605
113,Senate,29373,NJ,100,0,1 ,"MENENDEZ, Robert",M000639,-0.364,-0.118,-17.10917,0.96909,545,9,-0.525,-0.299
113,Senate,41307,NJ,200,2,5 ,"CHIESA, Jeffrey Scott",C001100,0.218,0.384,-15.28456,0.761,56,10,0.256,0.133
113,Senate,41308,NJ,100,3,2 ,"BOOKER, Cory Anthony",B001288,-0.615,-0.16,-8.87176,0.97504,351,4,-0.47,-0.623
113,Senate,20930,NM,100,0,1 ,"HEINRICH, Martin",H001046,-0.302,-0.021,-37.72148,0.93371,550,14,-0.252,-0.05
113,Senate,29924,NM,100,0,1 ,"UDALL, Thomas (Tom)",U000039,-0.453,0.18,-21.27901,0.96205,550,11,-0.398,0.155
113,Senate,14858,NY,100,0,1 ,"SCHUMER, Charles Ellis (Chuck)",S000148,-0.351,-0.391,-16.79596,0.96998,551,3,-0.447,-0.258
113,Senate,20735,NY,100,0,1 ,"GILLIBRAND, Kirsten",G000555,-0.41,-0.225,-26.23162,0.95309,546,13,-0.565,-0.199
113,Senate,29548,NC,200,0,1 ,"BURR, Richard M.",B001135,0.453,-0.058,-111.29488,0.81281,537,46,0.434,0.043
113,Senate,40907,NC,100,0,1 ,"HAGAN, Kay",H001049,-0.202,0.281,-53.76165,0.905,538,18,-0.175,0.326
113,Senate,41107,ND,200,0,1 ,"HOEVEN, John",H001061,0.34,0.328,-97.75358,0.83717,550,34,0.367,0.241
113,Senate,41303,ND,100,0,1 ,"HEITKAMP, Mary Kathryn (Heidi)",H001069,-0.122,0.398,-60.47102,0.89424,541,14,-0.191,0.463
113,Senate,29386,OH,200,0,1 ,"PORTMAN, Robert Jones (Rob)",P000449,0.374,-0.251,-136.83064,0.77507,537,58,0.369,-0.105
113,Senate,29389,OH,100,0,1 ,"BROWN, Sherrod",B000944,-0.438,-0.136,-24.28122,0.95627,543,12,-0.514,0.132
113,Senate,15424,OK,200,0,1 ,"INHOFE, James Mountain",I000024,0.552,0.04,-86.2195,0.83713,485,35,0.594,0.188
113,Senate,29555,OK,200,0,1 ,"COBURN, Thomas Allen",C000560,0.782,0.055,-98.18576,0.801,442,45,0.786,-0.28
113,Senate,14871,OR,100,0,1 ,"WYDEN, Ronald Lee",W000779,-0.321,-0.433,-41.32286,0.92787,552,19,-0.375,-0.729
113,Senate,40908,OR,100,0,1 ,"MERKLEY, Jeff",M001176,-0.48,-0.801,-37.69011,0.93306,544,16,-0.407,-0.913
113,Senate,29935,PA,200,0,1 ,"TOOMEY, Patrick Joseph",T000461,0.638,-0.298,-127.87625,0.78705,534,57,0.525,-0.387
113,Senate,40703,PA,100,0,1 ,"CASEY, Robert (Bob), Jr.",C001070,-0.304,0.193,-34.08773,0.93849,537,15,-0.255,-0.001
113,Senate,29142,RI,100,0,1 ,"REED, John F. (Jack)",R000122,-0.38,-0.226,-25.31999,0.95517,552,12,-0.489,-0.451
113,Senate,40704,RI,100,0,1 ,"WHITEHOUSE, Sheldon",W000802,-0.397,-0.196,-26.5339,0.95257,546,11,-0.419,-0.456
113,Senate,21173,SC,200,0,5 ,"SCOTT, Tim",S001184,0.653,-0.01,-81.8807,0.85882,538,33,0.681,0.009
113,Senate,29566,SC,200,0,1 ,"GRAHAM, Lindsey O.",G000359,0.408,-0.173,-129.63838,0.7767,513,66,0.348,-0.195
113,Senate,15425,SD,100,0,1 ,"JOHNSON, Timothy Peter (Tim)",J000177,-0.25,0.143,-30.95638,0.945,548,10,-0.348,0.229
113,Senate,29754,SD,200,0,1 ,"THUNE, John",T000250,0.41,0.128,-85.2978,0.8561,549,34,0.467,0.183
113,Senate,40304,TN,200,0,1 ,"ALEXANDER, Lamar",A000360,0.323,-0.182,-137.16574,0.76578,514,64,0.312,0.04
113,Senate,40705,TN,200,0,1 ,"CORKER, Robert (Bob)",C001071,0.395,-0.345,-150.18489,0.75721,540,65,0.372,-0.291
113,Senate,40305,TX,200,0,1 ,"CORNYN, John",C001056,0.495,-0.014,-108.5542,0.81605,534,56,0.539,-0.065
113,Senate,41304,TX,200,0,1 ,"CRUZ, Rafael Edward (Ted)",C001098,0.819,-0.328,-69.38663,0.8728,510,25,0.887,-0.309
113,Senate,14503,UT,200,0,1 ,"HATCH, Orrin Grant",H000338,0.382,-0.005,-144.75145,0.75823,523,76,0.346,-0.194
113,Senate,41110,UT,200,0,1 ,"LEE, Mike",L000577,0.922,-0.387,-71.06153,0.87518,533,26,0.949,-0.316
113,Senate,14307,VT,100,0,1 ,"LEAHY, Patrick Joseph",L000174,-0.37,-0.135,-28.26699,0.94946,545,10,-0.555,0.331
113,Senate,29147,VT,328,0,1 ,"SANDERS, Bernard",S000033,-0.52,-0.361,-91.70152,0.83543,510,26,-0.944,0.329
113,Senate,40909,VA,100,0,1 ,"WARNER, Mark",W000805,-0.194,-0.024,-43.58031,0.92247,540,14,-0.209,0.051
113,Senate,41305,VA,100,0,1 ,"KAINE, Timothy Michael (Tim)",K000384,-0.235,-0.105,-28.6553,0.94878,545,8,-0.245,-0.041
113,Senate,39310,WA,100,0,1 ,"CANTWELL, Maria E.",C000127,-0.292,-0.398,-17.28443,0.96912,551,4,-0.436,-0.132
113,Senate,49308,WA,100,0,1 ,"MURRAY, Patty",M001111,-0.342,-0.287,-13.73866,0.97469,536,2,-0.375,-0.179
113,Senate,14922,WV,100,0,1 ,"ROCKEFELLER, John Davison IV (Jay)",R000361,-0.326,0.177,-21.95291,0.956,487,9,-0.336,0.02
113,Senate,40915,WV,100,0,1 ,"MANCHIN, Joe, III",M001183,-0.057,0.47,-129.32753,0.78702,540,56,-0.041,0.322
113,Senate,29940,WI,100,0,1 ,"BALDWIN, Tammy",B001230,-0.522,-0.226,-18.67915,0.96661,550,8,-0.457,-0.244
113,Senate,41111,WI,200,0,1 ,"JOHNSON, Ron",J000293,0.602,-0.313,-92.49959,0.8415,536,30,0.685,-0.348
113,Senate,40707,WY,200,0,1 ,"BARRASSO, John A.",B001261,0.533,0.23,-86.368,0.85394,547,37,0.562,0.284
113,Senate,49706,WY,200,0,1 ,"ENZI, Michael B.",E000285,0.54,0.182,-82.54441,0.86017,548,32,0.573,0.411
114,Senate,49700,AL,200,0,1 ,"SESSIONS, Jefferson Beauregard III (Jeff)",S001141,0.549,0.13,-109.63029,0.76537,410,46,0.635,0.2
114,Senate,94659,AL,200,0,1 ,"SHELBY, Richard C.",S000320,0.431,0.535,-102.5297,0.77537,403,43,0.587,0.561
114,Senate,40300,AK,200,0,1 ,"MURKOWSKI, Lisa",M001153,0.207,-0.288,-134.72797,0.72165,413,65,0.299,-0.253
114,Senate,41500,AK,200,0,1 ,"SULLIVAN, Daniel Scott",S001198,0.466,0.08,-101.38074,0.78187,412,34,0.46,0.144
114,Senate,15039,AZ,200,0,1 ,"McCAIN, John Sidney, III",M000303,0.381,-0.626,-118.10444,0.74972,410,59,0.464,-0.312
114,Senate,20100,AZ,200,0,1 ,"FLAKE, Jeff",F000444,0.855,-0.518,-151.07924,0.6899,407,70,0.686,-0.728
114,Senate,20101,AR,200,0,1 ,"BOOZMAN, John",B001236,0.401,0.248,-70.01045,0.84579,418,21,0.469,0.309
114,Senate,21301,AR,200,0,1 ,"COTTON, Tom",C001095,0.61,0.143,-64.42976,0.85458,410,27,0.611,0.091
114,Senate,15011,CA,100,0,1 ,"BOXER, Barbara",B000711,-0.45,-0.423,-46.4471,0.881,368,22,-0.485,-0.466
114,Senate,49300,CA,100,0,1 ,"FEINSTEIN, Dianne",F000062,-0.269,-0.21,-55.94454,0.87157,407,31,-0.244,-0.171
114,Senate,21112,CO,200,0,1 ,"GARDNER, Cory",G000562,0.454,-0.015,-110.59522,0.76557,414,46,0.405,-0.059
114,Senate,40910,CO,100,0,1 ,"BENNET, Michael F.",B001267,-0.207,-0.122,-73.77202,0.83891,420,35,-0.175,-0.137
114,Senate,20707,CT,100,0,1 ,"MURPHY, Christopher",M001169,-0.306,-0.178,-46.45353,0.89482,418,13,-0.376,-0.15
114,Senate,41101,CT,100,0,1 ,"BLUMENTHAL, Richard",B001277,-0.424,-0.097,-47.18102,0.89326,418,15,-0.337,-0.162
114,Senate,15015,DE,100,0,1 ,"CARPER, Thomas Richard",C000174,-0.174,-0.219,-90.78999,0.80093,409,37,-0.187,-0.192
114,Senate,40916,DE,100,0,1 ,"COONS, Christopher A.",C001088,-0.243,-0.209,-47.94083,0.88784,403,22,-0.293,-0.442
114,Senate,14651,FL,100,0,1 ,"NELSON, Clarence William (Bill)",N000032,-0.193,0.339,-95.86456,0.78403,394,40,-0.299,0.102
114,Senate,41102,FL,200,0,1 ,"RUBIO, Marco",R000595,0.576,-0.302,-86.11678,0.74903,298,33,0.617,-0.209
114,Senate,29909,GA,200,0,1 ,"ISAKSON, Johnny",I000055,0.403,-0.014,-75.4227,0.83491,418,27,0.416,0.071
114,Senate,41501,GA,200,0,1 ,"PERDUE, David Alfred, Jr.",P000612,0.611,-0.193,-96.78749,0.79198,415,46,0.68,-0.379
114,Senate,20713,HI,100,0,1 ,"HIRONO, Mazie",H001042,-0.485,-0.089,-36.64773,0.91625,419,11,-0.453,-0.308
114,Senate,41112,HI,100,0,1 ,"SCHATZ, Brian Emanuel",S001194,-0.417,-0.112,-43.30612,0.90136,417,17,-0.424,-0.098
114,Senate,29345,ID,200,0,1 ,"CRAPO, Michael Dean",C000880,0.509,0.282,-77.35608,0.82882,412,37,0.57,0.715
114,Senate,40902,ID,200,0,1 ,"RISCH, James",R000584,0.636,0.57,-62.30928,0.86182,419,30,0.589,0.709
114,Senate,15021,IL,100,0,1 ,"DURBIN, Richard Joseph",D000563,-0.363,-0.363,-38.70277,0.91013,411,16,-0.416,-0.306
114,Senate,20115,IL,200,0,1 ,"KIRK, Mark Steven",K000360,0.274,-0.647,-139.86855,0.706,402,65,0.268,-0.606
114,Senate,14806,IN,200,0,1 ,"COATS, Daniel Ray",C000542,0.375,-0.227,-111.40278,0.763,411,44,0.537,-0.275
114,Senate,20717,IN,100,0,1 ,"DONNELLY, Joe",D000607,-0.119,0.435,-114.027,0.76025,416,47,-0.11,0.41
114,Senate,14226,IA,200,0,1 ,"GRASSLEY, Charles Ernest",G000386,0.343,-0.071,-113.06091,0.764,420,48,0.461,0.058
114,Senate,41502,IA,200,0,1 ,"ERNST, Joni",E000295,0.518,0.01,-64.08344,0.85849,420,25,0.505,0.042
114,Senate,14852,KS,200,0,1 ,"ROBERTS, Charles Patrick (Pat)",R000307,0.414,-0.094,-70.1693,0.84409,414,29,0.434,0.253
114,Senate,29722,KS,200,0,1 ,"MORAN, Jerry",M000934,0.414,0.256,-105.19365,0.77322,409,53,0.452,0.548
114,Senate,14921,KY,200,0,1 ,"McCONNELL, Addison Mitchell (Mitch)",M000355,0.403,0,-155.70089,0.69024,420,60,0.355,0.001
114,Senate,41104,KY,200,0,1 ,"PAUL, Rand",P000603,0.879,-0.477,-220.14465,0.57753,401,98,0.83,-0.558
114,Senate,20919,LA,200,0,1 ,"CASSIDY, Bill",C001075,0.452,-0.1,-81.37266,0.82234,416,35,0.434,0.125
114,Senate,29918,LA,200,0,1 ,"VITTER, David",V000127,0.495,0.323,-65.55047,0.838,370,32,0.479,0.494
114,Senate,41300,ME,328,0,1 ,"KING, Angus Stanley, Jr.",K000383,-0.152,-0.231,-99.95125,0.78505,413,56,-0.164,-0.221
114,Senate,49703,ME,200,0,1 ,"COLLINS, Susan Margaret",C001035,0.11,-0.556,-154.56393,0.69211,420,86,0.157,-0.374
114,Senate,14440,MD,100,0,1 ,"MIKULSKI, Barbara Ann",M000702,-0.37,-0.128,-40.75285,0.903,399,20,-0.427,0.135
114,Senate,15408,MD,100,0,1 ,"CARDIN, Benjamin Louis",C000141,-0.326,-0.252,-46.97616,0.89418,420,15,-0.366,-0.43
114,Senate,14435,MA,100,0,1 ,"MARKEY, Edward John",M000133,-0.504,-0.435,-50.94855,0.88421,414,23,-0.635,-0.544
114,Senate,41301,MA,100,0,1 ,"WARREN, Elizabeth",W000817,-0.764,-0.254,-39.44677,0.91035,420,14,-0.702,-0.461
114,Senate,20923,MI,100,0,1 ,"PETERS, Gary C.",P000595,-0.237,-0.211,-48.71652,0.88924,415,19,-0.319,-0.088
114,Senate,29732,MI,100,0,1 ,"STABENOW, Deborah Ann",S000770,-0.331,0.026,-47.57642,0.89169,415,19,-0.309,-0.098
114,Senate,40700,MN,100,0,1 ,"KLOBUCHAR, Amy",K000367,-0.247,-0.162,-53.37244,0.87905,414,19,-0.258,-0.026
114,Senate,40904,MN,100,0,1 ,"FRANKEN, Al",F000457,-0.4,-0.169,-43.07261,0.89958,407,22,-0.497,-0.036
114,Senate,14009,MS,200,0,1 ,"COCHRAN, William Thad",C000567,0.287,0.051,-73.85107,0.83734,416,24,0.329,0.102
114,Senate,29534,MS,200,0,1 ,"WICKER, Roger F.",W000437,0.377,0.361,-61.82814,0.86158,415,22,0.406,0.184
114,Senate,29735,MO,200,0,1 ,"BLUNT, Roy",B000575,0.43,0.287,-83.09034,0.81575,408,35,0.364,0.701
114,Senate,40701,MO,100,0,1 ,"McCASKILL, Claire",M001170,-0.142,0.023,-93.99066,0.79243,404,35,-0.127,-0.113
114,Senate,21338,MT,200,0,1 ,"DAINES, Steve",D000618,0.544,-0.082,-102.47367,0.7835,420,43,0.567,0.016
114,Senate,40702,MT,100,0,1 ,"TESTER, Jon",T000464,-0.21,0.138,-105.18495,0.77846,420,42,-0.197,0.067
114,Senate,41302,NE,200,0,1 ,"FISCHER, Debra (Deb)",F000463,0.467,0.307,-64.68648,0.85726,420,23,0.489,0.265
114,Senate,41503,NE,200,0,1 ,"SASSE, Benjamin Eric",S001197,0.812,-0.282,-94.65601,0.79736,418,48,0.827,-0.38
114,Senate,15054,NV,100,0,1 ,"REID, Harry",R000146,-0.276,0.258,-68.81173,0.828,364,35,-0.502,-0.121
114,Senate,20730,NV,200,0,1 ,"HELLER, Dean",H001041,0.464,-0.463,-176.81478,0.64832,408,84,0.546,-0.731
114,Senate,40906,NH,100,0,1 ,"SHAHEEN, Jeanne",S001181,-0.253,-0.241,-47.99908,0.89201,420,24,-0.266,-0.254
114,Senate,41106,NH,200,0,1 ,"AYOTTE, Kelly",A000368,0.351,-0.612,-126.06028,0.739,416,57,0.276,-0.512
114,Senate,29373,NJ,100,0,1 ,"MENENDEZ, Robert",M000639,-0.364,-0.118,-73.70432,0.83728,415,30,-0.36,-0.346
114,Senate,41308,NJ,100,0,1 ,"BOOKER, Cory Anthony",B001288,-0.615,-0.16,-41.61946,0.9048,416,17,-0.516,-0.43
114,Senate,20930,NM,100,0,1 ,"HEINRICH, Martin",H001046,-0.302,-0.021,-48.54729,0.89035,418,21,-0.321,-0.087
114,Senate,29924,NM,100,0,1 ,"UDALL, Thomas (Tom)",U000039,-0.453,0.18,-48.67971,0.89007,418,22,-0.395,-0.099
114,Senate,14858,NY,100,0,1 ,"SCHUMER, Charles Ellis (Chuck)",S000148,-0.351,-0.391,-43.90828,0.90051,419,15,-0.369,-0.489
114,Senate,20735,NY,100,0,1 ,"GILLIBRAND, Kirsten",G000555,-0.41,-0.225,-51.06187,0.88527,419,17,-0.544,-0.291
114,Senate,29548,NC,200,0,1 ,"BURR, Richard M.",B001135,0.453,-0.058,-92.35818,0.80133,417,38,0.381,0.067
114,Senate,41504,NC,200,0,1 ,"TILLIS, Thomas Roland (Thom)",T000476,0.426,-0.011,-76.57001,0.83262,418,37,0.443,-0.064
114,Senate,41107,ND,200,0,1 ,"HOEVEN, John",H001061,0.34,0.328,-66.09797,0.85342,417,27,0.375,0.297
114,Senate,41303,ND,100,0,1 ,"HEITKAMP, Mary Kathryn (Heidi)",H001069,-0.122,0.398,-109.12458,0.77071,419,43,-0.119,0.448
114,Senate,29386,OH,200,0,1 ,"PORTMAN, Robert Jones (Rob)",P000449,0.374,-0.251,-137.29475,0.7189,416,63,0.325,-0.163
114,Senate,29389,OH,100,0,1 ,"BROWN, Sherrod",B000944,-0.438,-0.136,-40.12018,0.90656,409,19,-0.589,-0.07
114,Senate,15424,OK,200,0,1 ,"INHOFE, James Mountain",I000024,0.552,0.04,-61.60567,0.86049,410,27,0.521,0.253
114,Senate,21166,OK,200,0,1 ,"LANKFORD, James",L000575,0.575,0.163,-107.6131,0.7735,419,46,0.624,-0.036
114,Senate,14871,OR,100,0,1 ,"WYDEN, Ronald Lee",W000779,-0.321,-0.433,-70.79281,0.84317,415,33,-0.39,-0.878
114,Senate,40908,OR,100,0,1 ,"MERKLEY, Jeff",M001176,-0.48,-0.801,-42.26494,0.90339,416,21,-0.607,-0.729
114,Senate,29935,PA,200,0,1 ,"TOOMEY, Patrick Joseph",T000461,0.638,-0.298,-82.76439,0.81309,400,33,0.596,-0.311
114,Senate,40703,PA,100,0,1 ,"CASEY, Robert (Bob), Jr.",C001070,-0.304,0.193,-80.49634,0.82369,415,30,-0.295,0.3
114,Senate,29142,RI,100,0,1 ,"REED, John F. (Jack)",R000122,-0.38,-0.226,-39.39297,0.91047,420,13,-0.437,-0.129
114,Senate,40704,RI,100,0,1 ,"WHITEHOUSE, Sheldon",W000802,-0.397,-0.196,-46.3492,0.89528,419,23,-0.42,0.023
114,Senate,21173,SC,200,0,1 ,"SCOTT, Tim",S001184,0.653,-0.01,-76.2142,0.83074,411,38,0.634,0.028
114,Senate,29566,SC,200,0,1 ,"GRAHAM, Lindsey O.",G000359,0.408,-0.173,-85.21247,0.76685,321,39,0.321,-0.208
114,Senate,29754,SD,200,0,1 ,"THUNE, John",T000250,0.41,0.128,-69.64505,0.84686,419,36,0.429,0.079
114,Senate,41505,SD,200,0,1 ,"ROUNDS, Marion Michael (Mike)",R000605,0.39,0.01,-66.56522,0.85213,416,17,0.386,0.004
114,Senate,40304,TN,200,0,1 ,"ALEXANDER, Lamar",A000360,0.323,-0.182,-104.89788,0.77522,412,39,0.307,-0.185
114,Senate,40705,TN,200,0,1 ,"CORKER, Robert (Bob)",C001071,0.395,-0.345,-121.08947,0.74428,410,50,0.513,-0.483
114,Senate,40305,TX,200,0,1 ,"CORNYN, John",C001056,0.495,-0.014,-69.99344,0.84411,413,30,0.463,-0.073
114,Senate,41304,TX,200,0,1 ,"CRUZ, Rafael Edward (Ted)",C001098,0.819,-0.328,-110.96042,0.6942,304,49,0.876,-0.483
114,Senate,14503,UT,200,0,1 ,"HATCH, Orrin Grant",H000338,0.382,-0.005,-77.95713,0.82911,416,28,0.381,-0.041
114,Senate,41110,UT,200,0,1 ,"LEE, Mike",L000577,0.922,-0.387,-148.33246,0.68229,388,71,0.919,-0.395
114,Senate,14307,VT,100,0,1 ,"LEAHY, Patrick Joseph",L000174,-0.37,-0.135,-46.53421,0.89369,414,21,-0.525,-0.142
114,Senate,29147,VT,328,0,1 ,"SANDERS, Bernard",S000033,-0.52,-0.361,-69.57678,0.80181,315,30,-0.861,-0.508
114,Senate,40909,VA,100,0,1 ,"WARNER, Mark",W000805,-0.194,-0.024,-75.00078,0.82341,386,33,-0.17,-0.125
114,Senate,41305,VA,100,0,1 ,"KAINE, Timothy Michael (Tim)",K000384,-0.235,-0.105,-70.52141,0.84198,410,37,-0.208,-0.214
114,Senate,39310,WA,100,0,1 ,"CANTWELL, Maria E.",C000127,-0.292,-0.398,-45.8771,0.89652,420,21,-0.287,-0.61
114,Senate,49308,WA,100,0,1 ,"MURRAY, Patty",M001111,-0.342,-0.287,-47.74232,0.89108,414,27,-0.295,-0.552
114,Senate,20146,WV,200,0,1 ,"CAPITO, Shelley Moore",C001047,0.26,0.05,-87.24449,0.81162,418,32,0.308,0.126
114,Senate,40915,WV,100,0,1 ,"MANCHIN, Joe, III",M001183,-0.057,0.47,-162.97002,0.67395,413,67,-0.085,0.634
114,Senate,29940,WI,100,0,1 ,"BALDWIN, Tammy",B001230,-0.522,-0.226,-49.237,0.88938,420,24,-0.461,-0.032
114,Senate,41111,WI,200,0,1 ,"JOHNSON, Ron",J000293,0.602,-0.313,-78.78357,0.82556,411,34,0.487,-0.256
114,Senate,40707,WY,200,0,1 ,"BARRASSO, John A.",B001261,0.533,0.23,-75.31057,0.83549,419,27,0.477,0.198
114,Senate,49706,WY,200,0,1 ,"ENZI, Michael B.",E000285,0.54,0.182,-87.7353,0.80436,403,36,0.5,0.117
